issuer,source_document,fiscal_period,url,page_reference,metric,value,unit,definition_note,verified
NVIDIA,Annual Reports and Proxies,FY2026,https://investor.nvidia.com/financial-info/annual-reports-and-proxies/default.aspx,Investor-relations portal,Annual report and Form 10-K source,,,Selected FY2026 report is recorded below,yes
Microsoft,Annual Reports,FY2025,https://www.microsoft.com/en-us/annualreports,Investor-relations portal,Annual report source,,,Selected FY2025 report is recorded below,yes
Alphabet,Investor Relations - Results and Financials,FY2025,https://abc.xyz/investor/,Investor-relations portal,Annual report and earnings-release source,,,Selected FY2025 report is recorded below,yes
Amazon,Annual Reports Proxies and Shareholder Letters,FY2025,https://ir.aboutamazon.com/annual-reports-proxies-and-shareholder-letters/default.aspx,Investor-relations portal,Annual report and shareholder-letter source,,,Selected FY2025 report is recorded below,yes
Meta,Financials,FY2025,https://investor.atmeta.com/financials/default.aspx,Investor-relations portal,Annual report and quarterly-earnings source,,,Selected FY2025 report is recorded below,yes
NVIDIA,FY2026 Annual Report,FY2026,https://s201.q4cdn.com/141608511/files/doc_financials/2026/ar/2026-Annual-Report-Web.pdf,p. 4,Data Center revenue,193737,USD m,Revenue by specialised end market for year ended 25 January 2026,yes
NVIDIA,FY2026 Annual Report,FY2026,https://s201.q4cdn.com/141608511/files/doc_financials/2026/ar/2026-Annual-Report-Web.pdf,p. 4,total revenue,215938,USD m,Reported consolidated revenue for year ended 25 January 2026,yes
NVIDIA,FY2026 Annual Report,FY2026,https://s201.q4cdn.com/141608511/files/doc_financials/2026/ar/2026-Annual-Report-Web.pdf,p. 4,operating income,130387,USD m,Reported consolidated operating income for year ended 25 January 2026,yes
NVIDIA,FY2026 Annual Report,FY2026,https://s201.q4cdn.com/141608511/files/doc_financials/2026/ar/2026-Annual-Report-Web.pdf,p. 55,net cash provided by operating activities,102718,USD m,Reported consolidated cash-flow line,yes
NVIDIA,FY2026 Annual Report,FY2026,https://s201.q4cdn.com/141608511/files/doc_financials/2026/ar/2026-Annual-Report-Web.pdf,p. 55,P&E and intangible purchases,6042,USD m,Cash-flow line combines property equipment and intangible assets,yes
Microsoft,FY2025 Form 10-K,FY2025,https://cdn-dynmedia-1.microsoft.com/is/content/microsoftcorp/MSFT_FY25q4_10K,Consolidated Statements of Cash Flows,net cash from operations,136162,USD m,Year ended 30 June 2025,yes
Microsoft,FY2025 Form 10-K,FY2025,https://cdn-dynmedia-1.microsoft.com/is/content/microsoftcorp/MSFT_FY25q4_10K,Consolidated Statements of Cash Flows,additions to property and equipment,64551,USD m,Year ended 30 June 2025; does not represent AI-only capex,yes
Alphabet,FY2025 Form 10-K,FY2025,https://s206.q4cdn.com/479360582/files/doc_financials/2025/q4/GOOG-10-K-2025.pdf,p. 52,net cash provided by operating activities,164713,USD m,Year ended 31 December 2025,yes
Alphabet,FY2025 Form 10-K,FY2025,https://s206.q4cdn.com/479360582/files/doc_financials/2025/q4/GOOG-10-K-2025.pdf,p. 52,purchases of property and equipment,91447,USD m,Year ended 31 December 2025,yes
Alphabet,FY2025 Form 10-K,FY2025,https://s206.q4cdn.com/479360582/files/doc_financials/2025/q4/GOOG-10-K-2025.pdf,p. 38,capital expenditures,91400,USD m,Issuer narrative rounds capital expenditures and describes categories including technical infrastructure and office facilities,yes
Amazon,FY2025 Annual Report,FY2025,https://s2.q4cdn.com/299287126/files/doc_financials/2026/ar/Amazon-2025-Annual-Report.pdf,p. 36,net cash provided by operating activities,139514,USD m,Year ended 31 December 2025,yes
Amazon,FY2025 Annual Report,FY2025,https://s2.q4cdn.com/299287126/files/doc_financials/2026/ar/Amazon-2025-Annual-Report.pdf,p. 36,purchases of property and equipment,131819,USD m,Raw cash-flow line used in the common screen,yes
Amazon,FY2025 Annual Report,FY2025,https://s2.q4cdn.com/299287126/files/doc_financials/2026/ar/Amazon-2025-Annual-Report.pdf,p. 28,issuer-reported free cash flow,11194,USD m,Defined as operating cash flow less P&E purchases net of sale proceeds and incentives,yes
Meta,FY2025 Form 10-K,FY2025,https://d18rn0p25nwr6d.cloudfront.net/CIK-0001326801/b919eb05-86d9-4412-a8ff-308be1afb070.pdf,p. 92,net cash provided by operating activities,115800,USD m,Year ended 31 December 2025,yes
Meta,FY2025 Form 10-K,FY2025,https://d18rn0p25nwr6d.cloudfront.net/CIK-0001326801/b919eb05-86d9-4412-a8ff-308be1afb070.pdf,p. 92,purchases of property and equipment,69691,USD m,Raw cash-flow line used in the common screen,yes
Meta,FY2025 Form 10-K,FY2025,https://d18rn0p25nwr6d.cloudfront.net/CIK-0001326801/b919eb05-86d9-4412-a8ff-308be1afb070.pdf,p. 77,reported capital expenditures,72220,USD m,Includes P&E purchases and principal payments on finance leases,yes
NVIDIA,FY2026 Q3 earnings release,FY2026 Q3,https://nvidianews.nvidia.com/news/nvidia-announces-financial-results-for-third-quarter-fiscal-2026,19 Nov 2025,Earnings release date,2025-11-19,date,Official NVIDIA Newsroom publication date used as the event-date reference,yes
NVIDIA,FY2026 Q4 and full-year earnings release,FY2026 Q4,https://nvidianews.nvidia.com/news/nvidia-announces-financial-results-for-fourth-quarter-and-fiscal-2026,25 Feb 2026,Earnings release date,2026-02-25,date,Official NVIDIA Newsroom publication date used as the event-date reference,yes
NVIDIA,FY2027 Q1 earnings release,FY2027 Q1,https://nvidianews.nvidia.com/news/nvidia-announces-financial-results-for-first-quarter-fiscal-2027,20 May 2026,Earnings release date,2026-05-20,date,Official NVIDIA Newsroom publication date used as the event-date reference,yes
NVIDIA,FY2027 Q2 earnings release,FY2027 Q2,https://nvidianews.nvidia.com/news/nvidia-announces-financial-results-for-second-quarter-fiscal-2027,26 Aug 2026,Earnings release date,2026-08-26,date,Official NVIDIA Newsroom publication date used as the event-date reference,yes
Nasdaq,NVDA historical quotes,Event windows,https://www.nasdaq.com/market-activity/stocks/nvda/historical,Historical Quotes page,Closing price inputs,,,Daily Close/Last observations for defined event windows are versioned in data/nvda_qqq_event_prices.csv,yes
Nasdaq,QQQ historical quotes,Event windows,https://www.nasdaq.com/market-activity/etf/qqq/historical,Historical Quotes page,Closing price inputs,,,Daily Close/Last observations for defined event windows are versioned in data/nvda_qqq_event_prices.csv,yes
